Title,Keyword,Growth (Max Reach),Max. Reach,Volume,No. of results,Difficulty
Photo & Video,تحديث انستغرام,278%,278.0,31,199,99
Business,botim app,6%,40.0,14,241,99
Shopping,best app,7%,130.0,16,236,99
Food & Drink,chik fil a,239%,41551.0,60,182,97
Entertainment,interesting,406%,2561.0,41,176,96
Food & Drink,pizza hut app,195%,795.0,30,127,96
Food & Drink,kfc rewards,196%,5966.0,46,203,96
Food & Drink,pizza hut,97%,376022.0,73,185,96
Food & Drink,chick fil a app,239%,771794.0,82,206,96
Travel,south west airlines,0%,33.0,13,209,95
Food & Drink,chick fil a,288%,51224.0,62,217,94
Food & Drink,chick fil,347%,792.0,33,222,94
Food & Drink,chick fa la,638%,358.0,29,163,94
Food & Drink,chick fila,198%,2176.0,38,208,94
Food & Drink,chic fil a,197%,5939.0,45,197,92
Food & Drink,chickfila,196%,17916.0,54,220,91
Food & Drink,target circle app,13%,129.0,19,214,91
Food & Drink,chick fli a,483%,93371.0,68,202,89
Productivity,grok 4,"5,026%",13585.0,54,189,88
Productivity,grok4,393%,2881.0,44,188,88
Travel,famous app,57%,236.0,21,238,87
News,free social apps,5%,66.0,13,236,86
Food & Drink,cassapp,29%,197.0,18,243,86
Business,online shop,7%,98.0,14,228,85
Food & Drink,ross,126%,15868.0,52,164,85
Food & Drink,chcikfila,465%,898.0,33,200,84
Food & Drink,chick fill a,678%,497.0,31,178,84
Food & Drink,chic filet,6%,50.0,13,112,82
Travel,traveling apps,38%,234.0,16,237,82
Productivity,black box ai,17%,91.0,21,232,81
Shopping,sportswear,7%,88.0,15,216,81
Business,uber rider,17%,124.0,14,221,80
Shopping,i am your beast,241%,2133.0,36,19,79
Shopping,hobby lobby stores,9%,113.0,16,197,79
Food & Drink,chich fil a,10%,59.0,16,206,79
Photo & Video,new tiktok,22%,294.0,23,183,78
Productivity,xai grok,350%,1427.0,36,66,77
Photo & Video,تحديث بوبجي,771%,9482.0,47,214,77
Business,doordash inc,6%,93.0,13,244,76
Shopping,cotton on,483%,23902.0,57,225,76
Photo & Video,enzona,406%,1593.0,37,150,76
Utilities,همراه بانک شهر پلاس,7%,67.0,15,4,75
Social Networking,capcut update,8%,63.0,16,223,75
Business,instagram shop,0%,55.0,13,170,75
Food & Drink,dashpass,73%,1491.0,33,213,72
Travel,travigo,150%,269.0,23,114,71
News,grom,160%,1827.0,36,224,71
Shopping,shop clothes,7%,62.0,14,243,71
Food & Drink,bjs app,6%,64.0,13,221,71
Entertainment,free movie hd,8%,123.0,15,234,70
Shopping,urban planet,679%,1029.0,38,188,70
Lifestyle,best dating app,8%,94.0,14,216,70
Magazines & Newspapers,movie box 2,9%,87.0,16,211,69
Finance,coinbase advanced trade,8%,54.0,16,230,69
Productivity,x grok,0%,,15,237,68
Entertainment,disney channel,288%,8809.0,47,165,68
Social Networking,men tea app,12%,203.0,18,217,68
Productivity,iphone free vpn,8%,135.0,15,230,68
Entertainment,minidrama,43%,312.0,28,236,68
Shopping,general dollar,-12%,109.0,14,223,68
Shopping,safora,178%,471.0,23,214,68
Shopping,shoe shopping,7%,60.0,16,219,68
Medical,meijer pharmacy,344%,16589.0,50,175,67
Travel,flight hopper,6%,32.0,13,206,67
Graphics & Design,app to edit pictures,6%,60.0,14,232,67
Shopping,culture kings,287%,12176.0,51,202,67
Finance,money transfer app,11%,119.0,18,237,66
Food & Drink,happy meal app,0%,55.0,13,209,66
Lifestyle,girl dating,0%,121.0,14,227,66
Photo & Video,wavve,904%,4830.0,48,150,65
Finance,instant cash loans,10%,96.0,16,203,65
Productivity,جی پی تی,333%,415.0,24,12,65
Photo & Video,tiktok notes,11%,141.0,17,192,64
News,free podcast app,0%,27.0,14,239,64
Finance,cyrpto,7%,36.0,15,240,64
Travel,home rentals,0%,74.0,13,224,64
Lifestyle,monkey chat app,9%,186.0,15,188,64
Food & Drink,citi costco app,0%,66.0,13,225,63
Entertainment,moviehd,13%,179.0,19,211,63
Entertainment,hbomax com tvsignin,383%,265.0,25,220,63
Finance,bitvavo,17%,93.0,16,237,63
Finance,bittrex,7%,131.0,16,219,63
Social Networking,online talking,7%,174.0,16,193,63
Social Networking,games you can play with your friends,10%,58.0,16,227,63
Productivity,grok by xai,18%,151.0,20,65,62
Business,spark now,8%,84.0,15,121,62
Magazines & Newspapers,moviebox for iphone,70%,1015.0,29,202,62
Finance,amazon prime visa,7%,83.0,15,225,62
Entertainment,the cw app free,344%,14125.0,54,200,62
Productivity,vpn llc us,0%,43.0,18,217,61
Finance,cypto,0%,,15,237,61
Utilities,free clear app,8%,66.0,14,242,61
Education,ava the 3d doll,289%,7952.0,46,230,60
Entertainment,mini drama,45%,359.0,28,232,60
Productivity,ai grok,13%,71.0,20,233,60
Travel,hotel now,0%,31.0,15,223,60
Entertainment,prime tv remote,8%,61.0,16,229,59
Education,fun free games for adults,344%,651.0,27,219,59
Lifestyle,home for rent,6%,56.0,14,215,58
Social Networking,snap it,471%,939.0,40,203,58
Productivity,free ios vpn,10%,60.0,17,228,58
Productivity,entries ai,18%,189.0,21,237,58
Food & Drink,code moo,"2,672%",9454.0,57,231,58
Lifestyle,lgbtq dating apps,11%,224.0,18,221,58
Shopping,47 brand,83%,185.0,16,211,58
Magazines & Newspapers,galateatv,90%,403.0,23,222,58
Travel,buking,6%,84.0,13,241,57
Utilities,free mexico vpn,6%,46.0,14,218,57
Music,playlists,7%,110.0,14,200,57
Entertainment,cw app,193%,1057.0,33,178,57
Travel,air express,6%,41.0,13,244,56
Food & Drink,chick fil a one,400%,940.0,34,207,55
Magazines & Newspapers,listen to books,114%,257.0,21,212,55
Books,amazon kindle app,89%,322.0,22,225,55
Productivity,redgifs app,348%,4381.0,41,198,55
Entertainment,ploy buzz,239%,4243.0,40,70,55
Photo & Video,adobe express ai photo video,9%,150.0,16,241,54
Travel,theme parks,8%,52.0,14,207,54
Graphics & Design,cool apps for teens,150%,383.0,23,201,54
Travel,zenhotels,450%,535.0,28,234,54
Lifestyle,hinge dating app match meet,7%,51.0,15,195,54
Travel,flit,6%,32.0,14,219,54
Lifestyle,make friends app,7%,82.0,14,194,54
Business,pay mobile,6%,89.0,14,214,53
Productivity,galaxy vpn,25%,178.0,23,222,53
Lifestyle,meet real people,13%,58.0,18,202,52
Magazines & Newspapers,蛋仔派对,50%,22302.0,50,204,52
Finance,moonshot crypto,475%,669.0,31,229,52
Health & Fitness,calorie counter by cronometer,11%,102.0,19,221,52
Shopping,pay bill,7%,90.0,14,221,51
Utilities,pocket tv,10%,78.0,16,219,51
Finance,xrp crypto,10%,70.0,18,236,51
Weather,radar pro,6%,38.0,13,235,51
Finance,moneygram international inc,33%,193.0,16,230,51
Shopping,best buy connect,233%,1271.0,32,219,51
Finance,solana blockchain,15%,130.0,20,244,51
Shopping,misguided,6%,40.0,14,37,51
Finance,opp loans,10%,90.0,18,151,51
Entertainment,the open tickets,340%,740.0,33,217,50
Photo & Video,تحديث pubg موبايل,27%,444.0,23,33,50
Utilities,همراه بانک سپه,484%,5752.0,45,5,50
Music,слушать музыку,6%,71.0,13,190,50
Music,aplicativo de música,9%,76.0,16,209,50
Utilities,roky remote control fo tv roku,15%,153.0,21,211,50
Productivity,apple word,763%,594.0,31,216,50
Food & Drink,chickfilla,26%,143.0,24,215,50
Sports,ted lasso,8%,49.0,15,229,49
Music,ganna,17%,160.0,15,200,49
Medical,bby,189%,399.0,24,174,49
Shopping,decathlon online shopping app,6%,121.0,14,208,49
Social Networking,tea app for women,239%,45497.0,60,200,49
News,local crime,6%,88.0,13,179,49
Sports,daft kings,22%,174.0,19,155,49
Food & Drink,chick fil a inc,345%,4858.0,46,220,49
Reference,translate audio,67%,112.0,16,227,49
Weather,noaa radar,100%,556.0,25,232,49
Finance,blockfi,8%,64.0,15,221,48
News,crime near me,8%,183.0,15,188,48
Business,microsoft outlook teams,8%,40.0,15,229,48
Books,free kindle app,7%,63.0,15,240,48
Utilities,photo clearer,"3,717%",,45,234,48
Lifestyle,dating apps for couples,10%,92.0,16,233,48
Productivity,赛风,9%,132.0,15,228,48
Productivity,the storage app,0%,36.0,16,232,47
Shopping,honey app,8%,159.0,15,177,47
Shopping,cotton,233%,,25,217,47
Photo & Video,ادیت صورت,9%,107.0,16,114,47
Social Networking,lesbian apps,9%,85.0,18,222,47
Weather,live weather app,800%,1455.0,28,173,47
Lifestyle,meet couples,9%,41.0,15,222,47
Social Networking,textp,395%,1227.0,34,203,47
Music,sanklod,8%,39.0,15,196,47
Utilities,ruku tv remote free,159%,4814.0,42,236,46
Lifestyle,hinges,7%,42.0,14,200,46
Productivity,koupon ai,565%,12385.0,48,231,46
Weather,weather alerts from national weather service app,124%,1626.0,33,236,46
Navigation,waise,7%,133.0,14,184,46
Shopping,kids shoes,7%,43.0,15,204,46
Business,free adobe scan,6%,59.0,14,235,46
Travel,travel agent,7%,113.0,15,225,45
Entertainment,metaquest mobile app,229%,726.0,28,192,45
Finance,ok exchange,25%,203.0,17,200,45
Lifestyle,lgbtq dating app,10%,148.0,16,224,45
Utilities,controle remoto,0%,167.0,14,233,45
Business,rush adobe,0%,71.0,13,75,45
Travel,indrive,50%,72717.0,60,235,45
Travel,rental karma,5%,41.0,13,239,45
Sports,bet rivers casino pa,8%,192.0,16,229,45
Finance,brokers,667%,2408.0,41,184,45
Magazines & Newspapers,bbc iplayer,31%,13741.0,46,233,45
Shopping,target 360,7%,44.0,14,47,45
Social Networking,تحديث ببجي,"1,629%",13000.0,49,220,44
Reference,coin apps,7%,62.0,15,223,44
Lifestyle,bisexual dating,9%,90.0,16,209,44
Sports,drogontv,9%,58.0,15,236,44
Education,labubu world,291%,4249.0,43,38,44
Business,fedex credit union,0%,117.0,13,232,44
Graphics & Design,photo magic,8%,40.0,15,223,44
Education,fall games,8%,55.0,16,192,44
Travel,vacation itinerary,6%,32.0,13,222,44
Weather,live weather,87%,2038.0,32,219,44
Travel,chase marriott bonvoy,6%,41.0,14,197,44
Productivity,gpt 40,9%,162.0,15,218,44
Travel,airways,7%,102.0,14,221,44
Finance,crypto cold wallet,667%,638.0,30,236,43
Lifestyle,tinder social,23%,157.0,22,194,43
Finance,investing stock,7%,56.0,16,228,43
News,to chat,52%,731.0,28,199,43
Magazines & Newspapers,flixtools box,48%,807.0,27,128,43
Food & Drink,chick fil a game,230%,1077.0,39,190,43
Graphics & Design,theams,7%,147.0,13,217,43
Shopping,journeyz,6%,93.0,14,192,43
Social Networking,omen,10%,48.0,18,168,43
Navigation,برق من,313%,470.0,26,97,43
Productivity,chat qt,10%,290.0,17,148,43
Finance,fidelity roth ira,8%,95.0,16,226,43
Finance,broker,287%,,43,183,42
Health & Fitness,mobile run,11%,170.0,17,194,42
Graphics & Design,room creator,67%,135.0,18,233,42
Graphics & Design,ai house remodel,13%,160.0,18,230,42
Utilities,private browser downloader,289%,5531.0,44,146,42
Music,amazon audible books,7%,74.0,15,205,42
Medical,smart coupons,33%,220.0,16,213,42
Shopping,camel camel camel,485%,9058.0,45,170,42
Entertainment,cbs all access,10%,56.0,16,162,41
Graphics & Design,house ai,9%,65.0,16,228,41
Lifestyle,free find a friend app,9%,116.0,16,219,41
Travel,7 11 app,97%,46286.0,57,208,41
Business,video group chat,6%,41.0,13,173,41
Health & Fitness,watcha,6%,115.0,13,234,41
Graphics & Design,wallaper,7%,104.0,15,214,41
Weather,ventusky weather maps radar,194%,3213.0,40,240,41
Finance,international payment,19%,319.0,21,223,41
Food & Drink,dash app,123%,468.0,25,217,41
Travel,cheap rental cars,0%,82.0,13,230,41
Sports,group app,6%,115.0,14,173,41
Finance,sendmoney,10%,138.0,16,230,41
Productivity,впн бук,18%,221.0,21,80,41
Productivity,botchat,9%,96.0,16,205,40
Navigation,مسیر یاب بلد,150%,250.0,20,41,40
Reference,google voice typing,6%,79.0,13,237,40
Business,two factor authentication app,8%,71.0,16,222,40
Productivity,exal,12%,210.0,19,159,40
Weather,ice tracker,126%,31114.0,52,230,40
Finance,cold wallet,300%,693.0,28,234,40
Food & Drink,chick,240%,,45,142,39
Entertainment,movies2watch,198%,2937.0,37,229,39
Utilities,تحديث ال pubg,17%,314.0,21,38,39
Weather,ice app tracker,72%,2912.0,33,230,39
Medical,aarp safetrip,11%,136.0,17,229,39
Productivity,ai mixer,10%,47.0,17,234,39
Navigation,برنامه اسنپ,8%,54.0,14,74,39
Productivity,pdf converter word to pdf,9%,94.0,16,215,39
Utilities,free roku tv remote,10%,124.0,16,226,39
Travel,poking,6%,33.0,13,240,39
Food & Drink,buffalo wild,6%,89.0,14,170,39
Magazines & Newspapers,moviebox free,71%,1439.0,31,225,39
Utilities,controllers,7%,112.0,14,220,39
Productivity,check mail,45%,455.0,28,214,39
Reference,coin gecko,63%,211.0,23,227,39
Lifestyle,app for couples,197%,1947.0,35,226,39
Music,ramusi offline music player,500%,1039.0,34,206,39
Business,oberlo,6%,93.0,13,220,39
Lifestyle,inmessage meet chat date,10%,47.0,16,210,39
Shopping,life in lilac,7%,42.0,15,236,38
Food & Drink,philly pretzel factory,342%,1656.0,38,133,38
Entertainment,tv azteca deportes en vivo,10%,214.0,16,197,38
Finance,fanum wallet,214%,396.0,24,244,38
Navigation,سیب آپ,7%,44.0,13,25,38
Social Networking,تحديث بوجي,"1,222%",1693.0,33,218,38
Travel,amex canada,0%,101.0,14,225,38
Sports,nba g league,11%,190.0,17,178,38
Food & Drink,food book,11%,49.0,16,210,37
Books,free audible app,6%,55.0,14,240,37
Sports,topps baseball,0%,53.0,14,173,37
Social Networking,movie box app,12%,91.0,19,226,37
Finance,ku coin,7%,36.0,15,226,37
Books,thebiblechat,9%,60.0,16,237,37
News,noaa radio,13%,204.0,19,232,37
Entertainment,pro tv,8%,106.0,15,227,37
Music,auto mack,10%,141.0,16,169,37
Weather,the weather channel free,8%,136.0,16,241,37
Medical,healthcare app,7%,52.0,13,240,37
Finance,solona,325%,819.0,29,221,37
Education,really fun games for girls free,7%,37.0,15,243,37
Lifestyle,meet live,-12%,246.0,15,180,37
Finance,xrp wallet trade buy crypto,283%,284.0,25,218,37
Shopping,ugs,15%,100.0,19,62,36
Utilities,junk cleaner,6%,85.0,14,232,36
Lifestyle,samsung oven,6%,144.0,14,232,36
Medical,c s,50%,170.0,16,228,36
Food & Drink,snap food stamps,122%,721.0,27,226,36
Productivity,simon ai,31%,638.0,25,224,36
Education,fun games for adults,200%,1082.0,30,242,36
Food & Drink,mcdonalds game,343%,1978.0,33,218,36
Finance,e toro,7%,52.0,15,231,36
Music,mymixtapez,18%,87.0,25,175,36
Lifestyle,alexa show,6%,63.0,16,207,36
Lifestyle,tourbar,8%,61.0,16,240,36
Shopping,staples app,0%,11.0,13,220,36
Social Networking,play games with friends,290%,626.0,27,213,36
Utilities,roku onn tv remote control free,7%,140.0,15,235,36
Weather,road trip weather,0%,71.0,13,217,36
Food & Drink,chick fil a play,"2,875%",8299.0,55,209,36
Social Networking,bisexual women,34%,125.0,25,185,35
Sports,bet88u,10%,57.0,16,202,35
Sports,pa bet,0%,36.0,16,183,35
Graphics & Design,photo dump ai,6%,46.0,14,230,35
Weather,noaa weather alerts,12%,166.0,18,241,35
Graphics & Design,interior designer,9%,93.0,16,224,35
Finance,cheap insurance,8%,125.0,16,194,35
Music,station head,244%,448.0,25,29,35
Business,hireapp pro,6%,18.0,13,209,35
Travel,go visits,72%,10873.0,46,228,35
Education,fun brain,6%,59.0,14,229,35
Music,upload music,6%,77.0,13,229,35
Photo & Video,professional photo,11%,181.0,17,216,35
Music,shoom ai music song generator,12%,76.0,19,220,34
Travel,indraiver,154%,1322.0,31,235,34
Sports,oncourse,300%,292.0,25,155,34
Social Networking,poly dating app,16%,177.0,21,227,34
Sports,soccer bets,12%,89.0,16,198,34
Education,vccs,7%,88.0,15,194,34
Productivity,golove ai,10%,82.0,18,199,34
Lifestyle,couples dating,350%,1304.0,32,216,34
Education,free fun games for girls,122%,382.0,24,241,34
Entertainment,mtv app,13%,174.0,19,206,34
Sports,live football tv free,7%,117.0,14,219,34
Utilities,تنظيف,6%,49.0,14,238,34
Music,audiomax,6%,51.0,13,242,34
Navigation,7 11,158%,29765.0,55,182,33
Sports,live sport tv,10%,58.0,16,223,33
Music,kpop music,7%,86.0,14,180,33
Utilities,viruses,10%,63.0,18,156,33
Health & Fitness,nutrition tracker free app,0%,26.0,13,234,33
News,crime radar,200%,544.0,30,205,33
Business,mini scanner free,6%,57.0,13,235,33
Social Networking,тик тик,478%,377.0,29,225,33
Health & Fitness,health and fitness apps,26%,293.0,24,243,33
Graphics & Design,edit background,7%,54.0,15,237,33
Health & Fitness,period track,6%,44.0,13,225,33
Magazines & Newspapers,blindspot,67%,235.0,20,70,33
Finance,mydashcard,408%,7707.0,49,40,33
Navigation,google driving directions,6%,64.0,13,168,33
Entertainment,shameless,343%,266.0,24,240,32
Utilities,همراه بانک سپه ایفون,484%,2269.0,38,7,32
Finance,bad credit loans app,11%,152.0,18,209,32
Navigation,rutas,6%,71.0,14,164,32
Photo & Video,افزایش فالور,10%,137.0,17,11,32
Photo & Video,دانلود اسنپ,10%,190.0,16,168,32
Graphics & Design,apartment design,7%,87.0,15,225,32
Magazines & Newspapers,watched,100%,1117.0,30,211,32
Productivity,adobe connect,569%,8660.0,49,184,32
Business,free slide scanner,7%,91.0,15,234,32
Reference,coin id scanner value checker,10%,75.0,17,220,31
Utilities,private web browser,239%,20036.0,51,163,31
Health & Fitness,sleeper app,9%,73.0,17,225,31
Travel,مسیریاب ویز,70%,2308.0,34,34,31
Utilities,secure private browser,417%,1963.0,38,205,31
Lifestyle,match and chat,333%,130.0,23,208,31
Weather,wqad storm track 8 weather,186%,144.0,22,244,31
Books,livros,6%,32.0,13,181,31
Utilities,any tv,8%,,14,227,31
Navigation,pus,6%,34.0,13,221,31
Weather,nooa,44%,303.0,20,203,31
Graphics & Design,design dream room,0%,185.0,24,233,31
News,verify doppelganger,8%,49.0,15,222,31
Graphics & Design,pixelup ai photo enhancer app,17%,148.0,21,222,31
Business,staple,"1,150%",591.0,32,151,31
Finance,fantom,463%,598.0,28,175,31
Navigation,car parki,7%,36.0,14,193,30
Navigation,gps mapping,6%,85.0,14,177,30
Magazines & Newspapers,storyful,15%,226.0,20,207,30
Utilities,roku remote tv,0%,29.0,14,219,30
News,aspire news,26%,176.0,23,236,30
Books,tiny book shop,6%,89.0,13,199,30
Books,free stories,6%,114.0,13,240,30
Entertainment,amazon rewards,10%,119.0,17,213,30
Books,blb bible,158%,5088.0,40,225,30
Shopping,nika,7%,37.0,14,207,30
Magazines & Newspapers,nyt connections game,200%,816.0,28,213,30
News,freaky gram,7%,26.0,13,55,30
Reference,the ai bible,10%,70.0,17,233,30
Reference,language translator camera,10%,97.0,16,238,30
Finance,dogecoin wallet,10%,152.0,16,233,30
Entertainment,anichat,150%,357.0,26,215,30
Music,local fm radio,257%,380.0,24,224,30
Health & Fitness,گام شمار,7%,97.0,14,8,30
Music,descarga,13%,212.0,19,177,30
Music,107 7 wivk,12%,158.0,18,242,30
Graphics & Design,sora ai video,10%,49.0,16,241,30
Business,photo to pdf converter plus,76%,589.0,31,235,30
Health & Fitness,sleep debt,0%,40.0,13,221,30
Medical,my patient portal,33%,290.0,20,213,30
Navigation,google traffic,6%,96.0,14,165,29
News,the free press,-24%,3587.0,47,215,29
Reference,money checker,275%,415.0,25,237,29
Navigation,rails to trails,7%,71.0,14,207,29
Weather,هواشناسی,117%,281.0,19,230,29
Shopping,aloyoga,9%,49.0,16,235,29
Social Networking,on phone second number,9%,117.0,16,212,29
Books,dc universe online,38%,296.0,18,184,29
Shopping,giorgio armani,6%,62.0,13,205,29
Education,free trivia games for adults,196%,1454.0,32,217,29
Photo & Video,pubg update,"1,650%",1702.0,34,200,29
Utilities,samsung tv remote control,7%,128.0,14,215,29
Books,daily audio bible mobile app,7%,87.0,13,210,29
Utilities,بام ملی,8%,86.0,15,77,29
Sports,watch football live,8%,210.0,14,211,29
Business,papa pals,6%,52.0,13,134,29
Navigation,دانلود دیوار,113%,321.0,21,43,29
Health & Fitness,start running for beginners,0%,73.0,13,211,29
Reference,faith ai bible,"1,418%",4226.0,45,225,28
Sports,nba summer,10%,206.0,16,166,28
Finance,mode earn,7%,102.0,16,220,28
Travel,air miles receipts,127%,667.0,26,241,28
Food & Drink,bood,7%,36.0,14,237,28
Weather,dopple,0%,2321.0,30,68,28
Magazines & Newspapers,cbs sunday morning,-61%,246.0,15,174,28
Lifestyle,threesomes,17%,247.0,21,182,28
Reference,coins value,529%,491.0,28,211,28
Navigation,basemap,237%,4396.0,39,222,28
Education,peppa pig games for free,6%,57.0,15,181,28
Business,espy,0%,37.0,13,183,28
Entertainment,teletv,25%,158.0,24,231,28
Reference,menu translator,144%,322.0,24,223,28
Music,total music,0%,27.0,13,210,27
Entertainment,waave,343%,676.0,30,36,27
Business,tinyscanner,33%,100.0,15,222,27
Utilities,tele tv,61%,326.0,30,225,27
Navigation,مسیریاب,200%,835.0,28,166,27
Business,free virus scan,9%,74.0,16,230,27
Medical,myhealth online,10%,63.0,16,209,27
Shopping,koupon,408%,7141.0,44,225,27
Lifestyle,date a live,"1,073%",1653.0,36,204,27
Graphics & Design,design your own home,9%,144.0,16,238,27
Graphics & Design,photo remover free,7%,115.0,14,246,27
Sports,live football hd,13%,58.0,18,211,27
Lifestyle,meet and chat,7%,150.0,15,205,26
Finance,dash pay,897%,6632.0,50,219,26
Books,story downloader,267%,421.0,26,184,26
Music,ballad,7%,,14,194,26
Business,groups app,6%,66.0,14,210,26
Reference,переводчик по фото,11%,126.0,19,78,26
Reference,coin appraisal,300%,597.0,28,216,26
Sports,football live stream,10%,189.0,16,213,26
Reference,bible ai chat,11%,127.0,18,229,26
Entertainment,caliente tv,12%,133.0,19,219,26
Music,airbuds space,17%,148.0,21,243,26
Photo & Video,live stream football,15%,110.0,19,219,25
Finance,options,566%,4674.0,45,177,25
News,news explorer,6%,39.0,13,200,25
Lifestyle,people online,0%,32.0,15,213,25
Social Networking,vsee messenger,7%,64.0,16,218,25
Lifestyle,dating with live chat,-22%,109.0,14,182,25
Books,web novel,97%,1341.0,30,232,25
Social Networking,gaze video chat,238%,6460.0,43,118,25
Business,tap to scan,12%,163.0,16,229,25
Reference,dog and cat translator,11%,130.0,19,221,25
Health & Fitness,self improvement free,0%,27.0,13,229,25
Health & Fitness,gym schedule,6%,45.0,13,229,25
Graphics & Design,floor plan design,13%,146.0,16,217,25
Reference,skyview lite free,160%,1297.0,29,232,25
Medical,access health,6%,38.0,13,217,25
Finance,marketcap,12%,103.0,18,230,25
Books,dc comics,125%,5148.0,43,131,25
Lifestyle,repairs,10%,80.0,16,171,25
Productivity,phone ringer,9%,126.0,16,219,25
Lifestyle,mindful dating,10%,106.0,17,217,24
Entertainment,youtube alternative,0%,32.0,15,187,24
Photo & Video,ai animation video,15%,86.0,21,236,24
Magazines & Newspapers,my chemical romance,6%,70.0,15,209,24
Weather,wgal weather,12%,190.0,18,235,24
Travel,trips planner,19%,79.0,21,225,24
Social Networking,online social games,0%,36.0,16,212,24
Travel,trip planner app,43%,395.0,21,234,24
Business,katika for business,9%,64.0,16,225,24
Business,zoom gov,9%,127.0,16,204,24
Books,jkanime,69%,471.0,23,215,24
Graphics & Design,npvt,-69%,392.0,14,245,24
Reference,coin scanner coin finder,6%,38.0,13,218,24
Business,pdf candy,7%,69.0,14,231,24
Entertainment,tv express,15%,135.0,20,216,24
Social Networking,mature dating app,25%,214.0,23,211,23
Social Networking,quackity,38%,429.0,26,180,23
Music,پلی موزیک,9%,133.0,16,99,23
Books,mp3 audiobook player,7%,89.0,14,225,23
Reference,rare coins,750%,527.0,29,205,23
Navigation,usgs maps,6%,92.0,19,201,23
Medical,smart sleep coach by pampers,183%,656.0,26,205,23
Navigation,veyz,10%,175.0,17,181,23
Weather,national hurricane center,157%,1702.0,33,204,23
Productivity,grok 4 0,"2,870%",47843.0,65,56,23
Reference,coin checker free,200%,833.0,30,201,23
Sports,claro sports,59%,1279.0,30,221,23
Reference,coin snap coin identifier,12%,111.0,18,222,23
Education,planta passport,7%,127.0,16,242,23
Magazines & Newspapers,the economist podcast,6%,81.0,13,187,23
Lifestyle,threesomer,22%,187.0,22,58,23
Travel,secret staycation,6%,80.0,13,225,23
Education,kids game free,290%,643.0,27,244,23
Business,flexomatic,0%,45.0,13,220,23
Business,square business,6%,39.0,13,205,23
Music,ultimate guitar pro,8%,159.0,15,198,23
Reference,grace to you bible app,158%,907.0,32,134,23
News,acquired podcast,263%,273.0,25,198,23
Weather,the national weather service,0%,56.0,13,238,23
Utilities,地球online,50%,104.0,16,33,22
Navigation,tren urbano app,7%,40.0,14,233,22
Education,callannie,8%,73.0,15,74,22
Lifestyle,sentrilock real estate,7%,105.0,14,163,22
Lifestyle,joyclub,17%,163.0,14,234,22
Reference,coinid,150%,259.0,21,216,22
Graphics & Design,app decorator free,6%,60.0,14,231,22
Finance,atta poll,10%,60.0,18,174,22
Graphics & Design,live wallpaper iphone,7%,81.0,14,213,22
Shopping,boardal,11%,74.0,18,225,22
News,fresh air podcast,0%,70.0,13,196,22
Finance,first ledger,9%,136.0,18,235,22
Health & Fitness,asleep,8%,51.0,15,216,21
Reference,old coin value,529%,521.0,28,219,21
Productivity,unstuck ai,345%,918.0,34,233,21
Navigation,ditu,240%,7665.0,45,190,21
Finance,crypto tax,19%,165.0,23,227,21
Music,ai music creator,209%,505.0,25,232,21
Navigation,bp earnify,329%,680.0,24,221,21
Social Networking,joi chat,288%,12026.0,49,180,21
Weather,weather up,14%,125.0,14,231,21
Education,study island,10%,45.0,16,230,21
News,fox 29,6%,99.0,14,193,21
Productivity,ai voice generator speechify,46%,282.0,27,217,21
Music,youtube mp4,8%,85.0,16,210,21
Graphics & Design,3d room planner,9%,143.0,16,226,21
Sports,dza,8%,87.0,14,121,21
Navigation,on x maps,7%,49.0,14,224,21
Music,make ringtones,10%,297.0,16,179,21
Reference,coin ledger,7%,37.0,15,233,20
Sports,nfl one pass,13%,151.0,24,132,20
Navigation,transperth,10%,75.0,17,39,20
Sports,nfl onepass,355%,,33,135,20
Graphics & Design,home planner,240%,2749.0,39,207,20
Photo & Video,meshcapade me,929%,1248.0,37,6,20
Utilities,anti virus for iphone,18%,301.0,22,212,20
Utilities,охлаждение телефона,211%,488.0,26,36,20
Lifestyle,foreign dating,7%,70.0,14,214,20
Lifestyle,ace dating,7%,64.0,15,216,20
Travel,fiy,6%,131.0,13,233,20
Magazines & Newspapers,newsbang,6%,79.0,14,218,20
Books,webs,6%,52.0,13,185,20
News,economic,8%,89.0,15,153,20
Weather,hello weather,127%,1952.0,33,211,20
Books,keepa,96%,4540.0,39,228,20
Magazines & Newspapers,market news,8%,26.0,14,211,20
News,today is the day,97%,4218.0,40,119,20
Magazines & Newspapers,abc action news,7%,84.0,14,230,20
Shopping,amazon price tracker,233%,488.0,25,208,20
Weather,lightning detector,55%,344.0,24,207,20
Utilities,tv smart player free,300%,1217.0,30,237,19
Social Networking,live random video chat,10%,113.0,16,132,19
Weather,daily weather,9%,54.0,15,230,19
Photo & Video,splus,23%,88.0,22,207,19
Health & Fitness,self growth,50%,233.0,15,221,19
Weather,clime noaa,7%,88.0,15,209,19
Magazines & Newspapers,tech crunch,10%,183.0,18,160,19
News,wildfires,0%,33.0,15,183,19
Photo & Video,photo prints now,557%,523.0,28,152,19
Business,job game,6%,185.0,13,214,19
Medical,baby tracking,6%,43.0,13,220,19
Graphics & Design,joyplan home designer,7%,40.0,16,215,19
Business,jobnimbus all in one roof app,8%,41.0,15,228,19
Graphics & Design,ai headshot photo generator,8%,222.0,14,230,19
Food & Drink,麦当劳香港,6%,43.0,13,36,19
Music,beatz,10%,70.0,16,208,19
Books,audio reader,100%,800.0,23,234,19
Business,ai social,8%,74.0,15,223,18
Productivity,super ai,11%,157.0,18,223,18
Health & Fitness,biking trails,7%,121.0,14,222,18
Medical,preg,6%,45.0,13,217,18
Health & Fitness,sleep sounds by sleep pillow,6%,145.0,13,210,18
Lifestyle,coded runs,7%,153.0,15,216,18
Health & Fitness,ai health,6%,96.0,13,231,18
Shopping,circle target,222%,522.0,25,116,18
Business,slidescan slide scanner app,7%,69.0,14,216,18
Sports,pga tour live,9%,93.0,17,204,18
Utilities,progresse,6%,34.0,14,35,18
Photo & Video,fix photo blur,10%,145.0,16,231,18
Entertainment,cwtv,26%,166.0,25,204,18
Navigation,citymaps,7%,,13,103,18
Education,infinite campus parent portal,242%,1566.0,36,216,18
Graphics & Design,floor plan app,6%,88.0,14,225,18
Weather,free hurricane tracker,9%,89.0,17,230,18
Music,go player,6%,60.0,14,223,17
Utilities,dvpn,"1,417%",2257.0,38,233,17
Navigation,earth maps,0%,101.0,13,217,17
Social Networking,chat for girls,17%,254.0,20,180,17
Weather,wesh,6%,105.0,13,223,17
Graphics & Design,closet planner 3d,8%,100.0,15,217,17
Books,john macarthur study bible,100%,339.0,23,215,17
Medical,due date countdown,6%,37.0,14,224,17
Finance,xumm,214%,311.0,24,38,17
Weather,tide tracker,5%,46.0,13,205,17
Books,ani,97%,2232.0,37,204,17
Health & Fitness,kids sleep,6%,51.0,13,217,17
Health & Fitness,workout tracker gym log book,6%,69.0,13,233,17
Health & Fitness,pasos,0%,,14,149,17
Books,dc universe infinite,96%,3796.0,40,138,17
Photo & Video,photo prints now cvs photo,573%,2840.0,40,180,17
Utilities,spam block,8%,49.0,15,206,17
Shopping,beauty keeper,6%,70.0,14,213,17
Photo & Video,airprint free,483%,805.0,31,229,17
Medical,babie,0%,43.0,13,206,17
Health & Fitness,bike path,6%,104.0,13,211,17
Graphics & Design,پس زمینه,10%,111.0,16,30,17
Graphics & Design,drawing helper,0%,27.0,14,224,17
Navigation,landgrid,0%,15.0,13,201,17
Education,luvnotes,8%,91.0,16,224,16
Books,macarthur study bible,122%,311.0,22,215,16
Lifestyle,tea safe dating for women,5%,75.0,14,199,16
Magazines & Newspapers,kmanga,67%,541.0,24,175,16
Business,free pdf filler,6%,75.0,13,233,16
Photo & Video,pic merger,13%,169.0,20,211,16
Business,uniuni tracker,0%,39.0,14,223,16
Medical,baby size,6%,69.0,13,210,16
Photo & Video,free headshot generator,15%,85.0,20,241,16
Photo & Video,picture clearer,14%,164.0,19,156,16
Finance,crypto pro live coin tracker,6%,62.0,16,204,16
Navigation,roadtrip planner,6%,94.0,13,226,16
Navigation,lake erie boating weather,0%,80.0,13,203,16
Education,parents square,13%,118.0,22,207,16
Lifestyle,home spotter,67%,232.0,17,212,16
Navigation,نصب دیوار,164%,524.0,25,34,16
Health & Fitness,mile app,17%,110.0,15,197,16
Food & Drink,free instant pot app,10%,69.0,17,216,16
Business,4px,7%,116.0,14,231,16
Business,track 17,7%,43.0,14,221,15
Reference,god tools,-30%,558.0,31,209,15
Productivity,ai school helper,0%,68.0,23,239,15
Graphics & Design,drawing tablet,188%,291.0,24,234,15
Travel,marta breeze,9%,119.0,16,56,15
Travel,goldcar,6%,74.0,13,235,15
Medical,mobile health,82%,378.0,23,214,15
Health & Fitness,weight lifting workout tracker,8%,61.0,14,234,15
Navigation,nyc subway widget,0%,162.0,33,182,15
Graphics & Design,والپیپر,0%,31.0,15,161,15
Shopping,staples advantage,6%,39.0,14,128,15
Health & Fitness,body workouts,6%,92.0,13,229,15
Weather,boat maps,7%,141.0,14,87,15
Medical,pampers sleep coach,100%,452.0,23,220,15
Finance,xlm,10%,121.0,16,240,15
Graphics & Design,higgsfield ai,196%,10384.0,52,232,15
Education,flocabulary,317%,277.0,25,201,15
Graphics & Design,3d paint,8%,73.0,15,201,15
Entertainment,ai girls,"1,221%",5994.0,50,200,15
Reference,translate dog,7%,37.0,14,227,15
Education,crehana,0%,32.0,15,28,15
Medical,my procare,6%,59.0,13,199,14
Health & Fitness,sleep well health tracker,13%,130.0,20,215,14
Health & Fitness,muscle builder,7%,78.0,15,225,14
Photo & Video,طراحی لوگو,10%,134.0,16,43,14
News,fox4 dallas,7%,119.0,13,201,14
Health & Fitness,cycling app,7%,44.0,14,206,14
Weather,noaa hurricane,186%,373.0,23,215,14
Sports,sky sports football,12%,,18,202,14
Sports,cbs fantasy,8%,64.0,15,181,14
Utilities,phone gaurdian,10%,48.0,18,231,14
Photo & Video,smart printer app,15%,389.0,19,236,14
Reference,icoin,6%,39.0,14,239,14
Magazines & Newspapers,bbc sounds,72%,4237.0,39,207,14
Utilities,slidebox photo cleaner,"1,622%",2644.0,36,223,14
Music,вк музыка для айфон,7%,97.0,14,158,14
Education,nerdish,10%,51.0,17,49,14
Music,free downloader for iphone,278%,443.0,26,172,14
Sports,card shark collection,7%,42.0,14,232,13
Social Networking,snapit,400%,313.0,31,152,13
Finance,ripple xrp,19%,124.0,22,147,13
Social Networking,сбербанк онлайн,193%,1205.0,36,118,13
Music,free music ring tones,0%,101.0,27,206,13
News,bbc sports,6%,106.0,13,207,13
Magazines & Newspapers,austin news,15%,331.0,19,226,13
Reference,versiculos diarios,7%,35.0,13,202,13
Education,flower checker,8%,169.0,14,190,13
Weather,turbulence forecast,194%,1820.0,28,234,13
Medical,simple practice clinician app,73%,3747.0,40,176,13
Photo & Video,pix 11,31%,268.0,24,217,13
Health & Fitness,walk earn,0%,27.0,14,224,13
Weather,temperature map,7%,36.0,13,195,13
Weather,flood map,10%,137.0,17,176,13
Weather,nbc chicago weather app,11%,116.0,17,187,13
Travel,e travel philippines,42%,334.0,22,203,13
Books,through the bible,15%,1376.0,28,221,12
Weather,wesh 2 weather app,125%,673.0,28,140,12
Magazines & Newspapers,bbc sport,76%,1026.0,28,213,12
Travel,parallel parking,6%,44.0,14,221,12
Health & Fitness,walking fit,67%,117.0,16,214,12
News,barron’s investing insights,7%,80.0,14,220,12
Health & Fitness,betwixt,13%,184.0,18,17,12
Graphics & Design,create a logo free,7%,68.0,14,229,12
News,nbcdfw,9%,198.0,15,60,12
Travel,disney speed storm,0%,32.0,13,118,12
Food & Drink,flower delivery,158%,472.0,25,204,12
Medical,on my way,100%,1401.0,31,187,12
Music,piano for iphone,16%,131.0,19,194,12
Shopping,laceys dress up wardrobe,9%,108.0,17,244,12
Shopping,i wish,7%,103.0,14,162,12
Photo & Video,icamera,17%,223.0,21,232,12
Graphics & Design,ai tattoos,6%,108.0,13,240,12
Graphics & Design,wiggly paint,550%,875.0,34,230,11
Books,making space,125%,392.0,20,196,11
Books,after dark,6%,80.0,13,209,11
Utilities,secure web,7%,62.0,14,212,11
Music,ytmp3,193%,563.0,29,223,11
Photo & Video,unblur photo clearer,10%,69.0,16,227,11
Photo & Video,fix blurry pictures,10%,59.0,16,236,11
Medical,commonspirit health,71%,1776.0,34,190,11
Productivity,documentation,9%,134.0,15,215,11
Education,toddler games for 4 year olds free,96%,917.0,33,245,11
Education,free vocabulary app,8%,112.0,15,246,11
Education,infinite campus student,275%,449.0,25,211,11
Health & Fitness,triathlon,7%,71.0,14,176,11
Reference,faith ai,271%,187.0,23,227,11
Travel,walking tours,6%,72.0,13,179,11
Navigation,where to go,7%,194.0,13,159,11
Entertainment,aigirl,8%,122.0,15,216,11
Lifestyle,free birthday invitation,0%,60.0,14,230,11
Sports,on3 app,295%,1883.0,32,197,11
Reference,read the bible in one year,8%,78.0,15,223,11
Music,dj it,86%,,22,141,11
Travel,travel japan,8%,113.0,15,175,10
Entertainment,descargador de videos gratis,329%,352.0,25,212,10
Social Networking,be you social,169%,1749.0,37,205,10
Weather,magicseaweed,6%,108.0,13,218,10
Travel,felyx,35%,165.0,26,28,10
Weather,foxweather,0%,30.0,14,232,10
Health & Fitness,military workout,292%,627.0,29,225,10
Health & Fitness,workout plans,7%,127.0,14,236,10
Reference,pcgs photograde,11%,130.0,18,200,10
Health & Fitness,period tracker teen,17%,87.0,14,222,10
Health & Fitness,کالری,7%,41.0,14,161,10
News,9 news app,9%,84.0,16,234,10
Shopping,uniq,6%,51.0,14,111,10
Reference,us coin collector,192%,1036.0,31,206,10
Business,authenticator app bank of america,9%,146.0,16,236,10
Music,dj app free,9%,78.0,16,199,10
Navigation,water gps,6%,129.0,13,112,10
Weather,boating map,7%,57.0,14,78,9
Books,the bible king james version,6%,76.0,13,214,9
Sports,topps total football,10%,133.0,16,192,9
Weather,boating maps,8%,54.0,15,76,9
Social Networking,pbe,0%,222.0,32,38,9
Books,homestuck,6%,46.0,13,12,9
Productivity,spark ai,227%,784.0,29,234,9
Graphics & Design,skech,8%,130.0,15,216,9
Sports,mlb draft,0%,36.0,16,159,9
Reference,faith app,246%,685.0,28,125,9
News,ny2la,16%,210.0,21,91,9
Productivity,دانلود برنامه دیوار,12%,192.0,18,32,9
Medical,weeks,0%,29.0,14,154,9
Lifestyle,stove,10%,91.0,17,225,9
Productivity,the open,"2,862%",6787.0,59,224,9
Entertainment,独播库,255%,476.0,28,152,9
Social Networking,talk with stranger,0%,37.0,18,155,9
Education,back to school,12%,90.0,18,168,9
Health & Fitness,japanese walking method,0%,31.0,15,224,9
Health & Fitness,health monitor blood sugar,196%,3185.0,42,200,9
Health & Fitness,strong lifts,7%,62.0,16,233,9
Navigation,lake map,8%,167.0,14,91,9
Travel,my dream hotel,9%,147.0,16,216,9
Music,djay,196%,30840.0,61,152,9
Magazines & Newspapers,text to speech app,6%,76.0,13,237,9
News,ai podcast maker,0%,96.0,13,234,8
Medical,hi mommy,0%,102.0,20,217,8
Lifestyle,plus minus,7%,134.0,15,174,8
Reference,daily prayers,7%,80.0,15,229,8
Sports,football fantasy,8%,,14,171,8
Finance,alend safe and instant loan,18%,190.0,22,110,8
News,free adult video chat,193%,840.0,28,166,8
Graphics & Design,dessin,6%,56.0,14,220,8
Music,traktor dj 2,6%,35.0,15,157,8
Medical,livehealth,0%,40.0,13,208,8
Business,way 2 go,7%,74.0,15,192,8
Medical,freestyle libre link,63%,205.0,19,170,8
News,ted talks daily,17%,138.0,14,142,8
Finance,cointelegraph,0%,76.0,17,228,8
Education,ohio temps test,7%,83.0,14,186,8
Travel,topps disney,5%,30.0,13,135,8
Books,read comics,6%,91.0,13,189,8
Music,free music ringtones,12%,187.0,18,205,8
Magazines & Newspapers,speech to text voice to text,8%,150.0,16,224,8
Medical,abbot,6%,50.0,14,109,8
Travel,disney frozen free fall,8%,78.0,14,125,8
Education,preschool games for kids,8%,132.0,15,244,8
Photo & Video,tilt to live,0%,241.0,33,133,8
Medical,dr berg app,159%,1081.0,28,196,8
Photo & Video,subtitle edit,83%,243.0,17,230,8
Health & Fitness,free fasting apps,6%,43.0,13,249,7
Education,campus parent portal,817%,621.0,31,217,7
Photo & Video,man hair style changer,20%,118.0,22,186,7
Medical,baby sleep trainer,7%,81.0,15,230,7
Education,rqs focus,7%,38.0,14,191,7
Reference,free kids bible,7%,68.0,14,229,7
Food & Drink,delta kim,6%,128.0,13,50,7
Business,time clock employee,6%,45.0,13,231,7
Music,magical mixing,8%,167.0,15,220,7
Lifestyle,find my phone app,150%,,25,238,7
Medical,meagain glp 1 all in one app,31%,3573.0,37,228,7
Education,learn turkish,354%,535.0,30,196,7
Reference,speaking photo,0%,90.0,13,185,7
Health & Fitness,apple watch 10,7%,66.0,16,225,7
Graphics & Design,sherwin,6%,90.0,14,71,7
Magazines & Newspapers,yaoi manga,8%,69.0,16,187,7
Weather,hava durumu,6%,77.0,13,198,7
Sports,premier league fantasy football,214%,327.0,23,114,7
News,newsela,200%,1072.0,29,14,7
Reference,escanear monedas,8%,107.0,15,210,6
Business,affiliate,6%,116.0,15,196,6
Travel,breeze marta,125%,509.0,25,189,6
News,frontline wildfire tracker,160%,676.0,27,203,6
Health & Fitness,blood pressure meter,8%,84.0,14,222,6
Utilities,my com,0%,28.0,14,218,6
Photo & Video,ig video downloader,314%,343.0,26,179,6
Books,joyce meyer,6%,32.0,13,39,6
Graphics & Design,buisness logo,7%,36.0,14,224,6
Magazines & Newspapers,serial reader,7%,55.0,15,223,6
Weather,beach bum tanning,186%,250.0,22,195,6
Medical,snuggly baby heartbeat listen,9%,210.0,15,235,6
Weather,my tide times,6%,39.0,13,171,6
Sports,guillotine fantasy football,686%,698.0,30,151,6
Sports,fantasy premier league,300%,703.0,29,148,6
Graphics & Design,ai arch,7%,112.0,14,237,6
Education,ca dmv permit test,74%,462.0,33,217,6
Sports,draft sharks,9%,91.0,18,137,6
News,kxan news,114%,393.0,20,245,6
Music,mixcaptions,6%,55.0,15,220,5
Sports,open golf,32%,186.0,34,209,5
Photo & Video,doink,17%,332.0,20,139,5
Music,shoom,280%,460.0,28,30,5
Magazines & Newspapers,news1414,53%,509.0,23,199,5
Music,topeka music vacations,10%,130.0,17,209,5
Education,perusall,11%,212.0,17,209,5
Medical,rightway healthcare,124%,1908.0,33,217,5
Education,speak pal,10%,105.0,18,225,5
Medical,mom and baby,7%,95.0,15,207,5
Medical,kyla health,0%,41.0,14,229,5
Reference,bubble screen translate,6%,37.0,13,210,5
Reference,ليبيا,80%,89.0,17,201,5
Entertainment,aı girls,"1,215%",6395.0,50,210,5
News,todayistheday,158%,4780.0,42,96,4
Medical,wonderweeks,190%,410.0,24,172,4
Books,free reading apps for kids,72%,2328.0,34,223,4
Education,my backpack,31%,189.0,24,53,4
Utilities,photo cleaner swipick,15%,65.0,19,231,4
Medical,tarp,9%,42.0,15,195,4
Medical,contracciones,9%,57.0,17,179,4
Productivity,ai business idea validator,15%,85.0,19,219,4
Books,kids reading app,96%,1065.0,30,215,4
Books,reading apps for kids for free,96%,1994.0,34,222,4
Education,identify mushrooms,10%,86.0,17,201,4
Sports,livematch,0%,56.0,21,229,4
Medical,the wonder weeks,14%,22748.0,50,168,4
Medical,my health planner,86%,294.0,19,221,4
Sports,teamates,0%,98.0,14,234,4
Books,instuner free,0%,55.0,13,220,4
Graphics & Design,pencil2d,225%,426.0,32,219,4
Graphics & Design,live wallpaper 3d,6%,83.0,14,200,4
Music,lollapalooza,239%,3693.0,42,85,3
Navigation,rpm speed,10%,54.0,16,224,3
Social Networking,fb saver,350%,301.0,26,123,3
Music,christian podcast,6%,39.0,14,227,3
Music,beats apple,7%,140.0,15,206,3
Books,anime nyc,233%,239.0,22,201,3
Photo & Video,vidu studio,71%,129.0,18,210,3
Sports,scanbizcards,7%,90.0,14,226,3
Weather,wetteronline,9%,87.0,16,95,3
Education,iago learn japanese,20%,359.0,21,224,3
Health & Fitness,apple watch health,6%,107.0,13,239,3
News,texas news,13%,172.0,19,211,3
News,watch market,8%,227.0,14,225,3
News,wqad news 8 quad cities,6%,76.0,13,242,3
Graphics & Design,3d wallpapers,9%,136.0,16,216,3
Sports,fantasy football draft kit,364%,658.0,30,151,3
Sports,the open championship,292%,2028.0,54,213,3
Business,pamf,0%,50.0,13,218,3
Education,learning korean,9%,124.0,16,209,3
Business,work time,6%,39.0,13,229,3
Sports,the golf channel,7%,58.0,15,201,3
Education,fluentika,8%,62.0,16,244,3
Shopping,6thstreet,8%,40.0,15,146,3
Entertainment,ai girlfriend nsfw,10%,162.0,16,190,3
Medical,cubtale,7%,42.0,14,179,3
Health & Fitness,heart rate tracker,238%,1456.0,34,223,2
Weather,caltrans road conditions,6%,131.0,13,220,2
Books,readingcom,7%,64.0,14,227,2
Navigation,transit stop cta tracker,8%,74.0,15,163,2
Sports,open championship,"6,400%",2788.0,54,213,2
Books,aldiko,7%,83.0,14,12,2
Health & Fitness,leap fitness group,17%,153.0,14,230,2
Books,audiobook summaries,18%,73.0,20,203,2
Magazines & Newspapers,wkyt news,113%,281.0,21,242,2
Photo & Video,glow camera,9%,35.0,17,235,2
Health & Fitness,stress tracker for watch,0%,26.0,13,237,2
Finance,2 accounts,15%,127.0,21,213,2
Medical,pathways org baby milestones,7%,107.0,14,190,2
Education,ap classroom,482%,6042.0,41,197,2
Education,georgia drivers license,10%,173.0,17,234,2
Reference,father mike schmitz,0%,27.0,13,199,1
Medical,diabetic log,114%,271.0,20,226,1
Navigation,havaist,6%,68.0,13,24,1
Books,free childrens books,7%,98.0,14,239,1
Travel,mondo,92%,524.0,25,199,1
Medical,und,29%,152.0,18,222,1
Sports,select events basketball,150%,782.0,30,206,1
Medical,diabetes log,10%,116.0,16,219,1
Health & Fitness,apple activity app,7%,73.0,14,231,1
Business,clock out app,6%,40.0,13,219,1
Education,reading apps kids,550%,586.0,29,164,1
Books,fresh books,80%,175.0,16,147,1
Food & Drink,kfc barbados,0%,33.0,14,218,1
Sports,la liga fantasy,20%,186.0,22,181,1
Books,storyfont,161%,1534.0,32,184,1
Education,abckids,9%,58.0,16,204,1
Sports,fantasy football cheatsheet,10%,117.0,18,165,1
Social Networking,mic app,17%,193.0,21,229,1
Social Networking,talk to strangers free,11%,148.0,19,193,1
News,local 10 news,13%,74.0,19,241,1
Education,my ap classroom,8%,101.0,14,183,0
Travel,e janata,6%,42.0,13,34,0
Education,deutsch lernen,17%,66.0,14,199,0
Utilities,phone check,8%,46.0,15,222,0
Utilities,will sub plus,6%,32.0,14,25,0
Education,language learning game for toddlers,0%,32.0,15,240,0
Utilities,this american life,0%,164.0,14,31,0
Education,mushroom identification,8%,43.0,16,203,0
Education,unrulr,10%,117.0,16,226,0
Health & Fitness,pregnancy scanner,7%,103.0,14,222,0
Navigation,ride on real time,26%,102.0,24,231,0
Education,ap college board,13%,146.0,18,162,0
Travel,سكك حديد مصر,6%,73.0,14,32,0
Weather,heavy rain,8%,169.0,15,177,0
Shopping,sports thread,10%,78.0,18,196,0
Navigation,gps finder,6%,106.0,13,233,0
Medical,my connection,7%,135.0,14,200,0
Medical,usmle rx,6%,65.0,13,179,0
Productivity,comet,"1,056%",5090.0,45,164,0
Reference,devoted,0%,116.0,13,167,0
Medical,cigna envoy,71%,646.0,25,52,0
Reference,coin push,6%,119.0,13,200,0
Food & Drink,instamart 10 mins grocery app,7%,45.0,14,210,0
Food & Drink,mcdonalds pos,15%,680.0,24,218,0
Sports,فانتازي,7%,36.0,14,218,0
Productivity,sibme,12%,43.0,17,233,0
Productivity,bypass ai,11%,184.0,17,237,0
Reference,baby cry translator,10%,188.0,16,220,0
Productivity,bulk temp mail,200%,309.0,27,230,0
Sports,michigan athletics mobile app,8%,135.0,16,205,0
Sports,tampa bay lightning,8%,44.0,18,134,0
Sports,columbus blue jackets,0%,56.0,21,130,0
Books,sách,6%,103.0,13,208,0
Weather,wtoc,7%,173.0,15,36,0
Weather,richter scale,6%,42.0,14,163,0
Magazines & Newspapers,immersive,11%,196.0,18,190,0
Magazines & Newspapers,scary stories texting story,6%,38.0,13,184,0
Social Networking,send to self,12%,330.0,16,28,0
